"作成日","状態","テーマ","X投稿_1","X投稿_返信","noteタイトル","note下書き","天下りマップURL","一次資料名","一次資料URL","note公開判断","確認事項"
"2026-08-02","要確認","東北森林管理局から日本林業土木への公表再就職記録と、資料で追える森林分野の接点","【森林まわりの資料を読んだら、役所→林業土木の線がぬるっとつながって情報量バグる件】

乾光一さんは、東北森林管理局の総務企画部長を2024年3月末に離職→翌4月1日、日本林業土木の本社部長級へ再就職。ここは内閣官房の公表資料で確認できる。

ただし採用経緯や個別判断までは資料にない。脳内補完はナシ寄りのナシ。資料はリプ欄👇","【一次資料と答え合わせ会場】
天下りマップ：https://amakudari.jp/persons/person-3fcad259ea22751b

内閣官房の公表資料：https://www.cas.go.jp/jp/gaiyou/jimu/jinjikyoku/106-25-1/r05/files4/siryou1-1.xlsx","【森林まわりの資料をアホかわいく読む】「え、翌日から本社部長級？」になる前に確認したい3つの資料","# 【森林まわりの資料をアホかわいく読む】「え、翌日から本社部長級？」になる前に確認したい3つの資料

資料を開いたら文字量が多すぎて、森林より先に脳みそが迷子になりがち。なので、確認できることだけを3つの資料で並べます。

## 3行で

- 内閣官房の公表資料には、乾光一さんが東北森林管理局総務企画部長を2024年3月31日に離職し、翌4月1日に日本林業土木株式会社の本社総務部部長兼営業部次長兼技術部次長へ再就職した記録がある。
- 林野庁は、森林管理局を国有林の管理経営、森林保全管理、森林計画、治山などを担う地方支分部局と説明している。
- 日本林業土木は、山地災害の防止・復旧、森林整備の基盤となる路網整備などを事業として掲げている。

## 確認できた事実

内閣官房の再就職情報の記録で確認できるのは、離職時の所属・役職、再就職日、再就職先、再就職後の役職です。林野庁と会社の公式ページで確認できるのは、それぞれの組織が公表している役割・事業内容です。

## なんで「つながるんかーい」になるのか

離職時の所属は、農林水産省の東北森林管理局。会社側は森林・林業土木に関わる事業を公式に掲げている。だから資料を横に置くと、森林分野に関わる行政組織から、同分野の事業を行う会社へ移ったという経歴の接点は読める。

ただし、ここで急に物語を盛るのは早い。公表資料と会社サイトが示すのは、離職時の所属、再就職先・役職、そして会社の事業内容まで。採用の経緯、誰が関与したか、個別の再就職の妥当性や違法性は、この資料だけでは確認できない。脳内補完はナシ寄りのナシ。

## 時系列

- 2024年3月31日：東北森林管理局総務企画部長を離職した記録
- 2024年4月1日：日本林業土木株式会社の本社部長級へ再就職した記録
- 2026年8月2日：天下りマップで人物ページと出典を確認

## 資料と答え合わせ

- 天下りマップ人物ページ：https://amakudari.jp/persons/person-3fcad259ea22751b
- 内閣官房「国家公務員法第106条の25第1項等に基づく報告（令和6年1月1日～3月31日分）」：https://www.cas.go.jp/jp/gaiyou/jimu/jinjikyoku/106-25-1/r05/files4/siryou1-1.xlsx
- 林野庁・東北森林管理局「国有林及び森林管理局について」：https://www.rinya.maff.go.jp/tohoku/introduction/gaiyou_kyoku/what/index.html
- 日本林業土木株式会社「企業情報」：https://www.nitirin.co.jp/company.html

## 資料だけでは確認できないこと

この記録は、公表された再就職情報と組織・会社の公式説明を整理したものです。個人や法人について、不正・癒着・違法性を示すものではありません。noteとして公開する前には、上記リンクが有効か、資料の記載に変更がないかをもう一度確認します。","https://amakudari.jp/persons/person-3fcad259ea22751b","国家公務員法第106条の25第1項等に基づく報告（令和6年1月1日～3月31日分）","https://www.cas.go.jp/jp/gaiyou/jimu/jinjikyoku/106-25-1/r05/files4/siryou1-1.xlsx","内閣官房資料に加え、林野庁と法人公式の追加の一次資料で組織・事業内容を確認できるため、リンク有効性を再確認後に公開候補とする。","Xは公表資料の確認範囲を短く伝える下書き。noteは3つの一次資料で経歴・組織・事業を分けて説明しているが、採用経緯や評価は断定しない。"
